                  epoch,         train/box_loss,         train/cls_loss,         train/dfl_loss,   metrics/precision(B),      metrics/recall(B),       metrics/mAP50(B),    metrics/mAP50-95(B),           val/box_loss,           val/cls_loss,           val/dfl_loss,                 lr/pg0,                 lr/pg1,                 lr/pg2
                      1,                 0.9623,                 1.6186,                 1.0457,                0.87821,                0.68155,                0.77623,                0.60067,                0.80434,                0.97026,                0.96997,             0.00033148,             0.00033148,             0.00033148
                      2,                0.79994,                0.77008,                 0.9668,                0.79513,                0.89817,                0.89742,                0.71999,                 0.7132,                0.68052,                0.91782,             0.00053318,             0.00053318,             0.00053318
                      3,                0.75924,                0.68949,                0.94634,                0.59451,                  0.935,                0.81451,                 0.6687,                0.65418,                0.59816,                0.90242,             0.00060288,             0.00060288,             0.00060288
                      4,                0.72352,                0.64449,                0.93672,                0.72384,                0.95125,                0.82611,                0.67861,                0.62301,                0.53265,                0.88811,               0.000406,               0.000406,               0.000406
                      5,                0.68117,                0.59717,                0.92275,                  0.703,                0.96317,                 0.8366,                0.70745,                0.58143,                0.49931,                0.87684,               0.000208,               0.000208,               0.000208
